{
  "Acaldra": [
    1,
    1,
    1,
    1,
    1,
    0,
    0,
    1,
    1,
    1,
    1
  ],
  "Anusaukko": [
    0.5,
    0.5,
    1,
    1,
    1,
    1,
    1,
    1,
    1,
    1,
    1
  ],
  "Athener": [
    0.678571428571429,
    0.5,
    0.5,
    0.5,
    0,
    0
  ],
  "Binding": [
    0.5,
    0.5,
    1,
    0.5,
    1,
    0,
    1,
    0,
    1,
    1,
    0
  ],
  "Bishealer": [
    1,
    1,
    1,
    1,
    1,
    1,
    0
  ],
  "Cenabettin": [
    0.5,
    0.5,
    0.5,
    0.5,
    0,
    0,
    0,
    0,
    0,
    0
  ],
  "Cesin": [
    1,
    1,
    1,
    1,
    1,
    1
  ],
  "Comalight": [
    0.5,
    1,
    0.5,
    0.5,
    0,
    0,
    0,
    0,
    0,
    0,
    0
  ],
  "Cosy": [
    1,
    1,
    1,
    1,
    1,
    1,
    1,
    1,
    1,
    1,
    1
  ],
  "Cuysi": [
    0.5,
    0.5,
    0.5,
    0.5,
    0,
    0
  ],
  "Darand": [
    1,
    1,
    1,
    1,
    1,
    1,
    1,
    1,
    1
  ],
  "Deaurion": [
    1,
    1,
    1,
    1,
    1,
    1,
    1,
    1,
    1,
    1,
    1
  ],
  "Ditro": [
    1,
    1,
    1,
    1,
    1,
    1,
    1,
    1,
    1,
    1,
    1
  ],
  "Eltihrellir": [
    0.5,
    0.5,
    0.5,
    0.5,
    0,
    0
  ],
  "Firmand": [
    0.5,
    1,
    1,
    0.75,
    0.823529411764706,
    1,
    1,
    0,
    1,
    1,
    0
  ],
  "Garlick": [
    1,
    1,
    1,
    0.75,
    1,
    0.4,
    1,
    1,
    1,
    1,
    1
  ],
  "Glamor": [
    0.5,
    1,
    1,
    1,
    1,
    1,
    1,
    0,
    1,
    1,
    1
  ],
  "Greensoup": [
    1,
    1,
    0.5,
    0.5,
    1,
    0,
    0,
    0,
    1,
    1,
    0
  ],
  "Grillspett": [
    1,
    1,
    1,
    1,
    1,
    0,
    1,
    1,
    1,
    1,
    1
  ],
  "Gurkybabe": [
    0.5,
    0.5,
    0.5,
    0.5,
    0,
    0,
    0,
    0,
    0,
    0
  ],
  "Heregud": [
    0.5,
    1,
    0.5,
    0.5,
    0,
    0,
    0,
    0,
    0,
    0
  ],
  "Hhenchant": [
    1,
    1,
    1,
    1,
    1,
    1
  ],
  "Hhzgbank": [
    1,
    1,
    1,
    1,
    1,
    1
  ],
  "Hijaarah": [
    1,
    1,
    1,
    1,
    1,
    1,
    0,
    1
  ],
  "Hubbé": [
    1,
    1,
    1,
    1,
    1,
    1,
    1,
    1,
    1,
    1,
    1
  ],
  "Igotwater": [
    1,
    0.5,
    0.5,
    0.5,
    0,
    0,
    0,
    0,
    0,
    0,
    0
  ],
  "Jalka": [
    1,
    1,
    1,
    1,
    1,
    1,
    1,
    1,
    1,
    1,
    1
  ],
  "Jerj": [
    1,
    1,
    0.5,
    0.5,
    0,
    0,
    0,
    0,
    0,
    0
  ],
  "Klesket": [
    1,
    1,
    1,
    1,
    1,
    1,
    1,
    1,
    1,
    1,
    1
  ],
  "Kongs": [
    0.5,
    1,
    1,
    1,
    1,
    0,
    1,
    0,
    1,
    1,
    1
  ],
  "Letsaoe": [
    0.5,
    0.5,
    0.5,
    0.5,
    0,
    0
  ],
  "Luchyman": [
    0.5,
    0.5,
    0.5,
    0.5,
    0,
    0
  ],
  "Macsonkor": [
    0.892857142857143,
    1,
    1,
    1,
    1,
    1,
    1,
    1,
    1,
    1,
    1
  ],
  "Meche": [
    1,
    1,
    1,
    1,
    1,
    1,
    1,
    1,
    1,
    1,
    1
  ],
  "Muggsy": [
    1,
    0.5,
    0.5,
    0.5,
    0,
    0,
    0,
    0,
    0,
    0,
    0
  ],
  "Mugsy": [
    1,
    1,
    1,
    1,
    1,
    1,
    1,
    0,
    0
  ],
  "Nympth": [
    1,
    1,
    1,
    1,
    0,
    1,
    1,
    1,
    1,
    1,
    1
  ],
  "Piclasa": [
    1,
    1,
    1,
    1,
    1,
    1,
    1,
    0,
    1,
    1,
    1
  ],
  "Poele": [
    1,
    1,
    0.5,
    0.5,
    0,
    0,
    0,
    0,
    0,
    0,
    0
  ],
  "Pruina": [
    1,
    1,
    1,
    1,
    1,
    1
  ],
  "Psychokiller": [
    0.5,
    0.5,
    1,
    0.5,
    0,
    0,
    1,
    0,
    1,
    1,
    0
  ],
  "Qbx": [
    1,
    1,
    1,
    1,
    0,
    1,
    1,
    0,
    1,
    0,
    0
  ],
  "Reneko": [
    1,
    1,
    1,
    1,
    1,
    1,
    1,
    1,
    1,
    1,
    1
  ],
  "Rövbrytaren": [
    1,
    1,
    1,
    1,
    1,
    1,
    1,
    1,
    1,
    1,
    1
  ],
  "Seppo": [
    0.5,
    0.5,
    0.5,
    0.5,
    0,
    0
  ],
  "Snakepala": [
    1,
    1,
    0.5,
    1,
    1,
    1,
    1,
    0,
    1,
    1,
    0
  ],
  "Sovietgirl": [
    1,
    1,
    1,
    1,
    0.852941176470588,
    1,
    1,
    1,
    1,
    1,
    1
  ],
  "Suncho": [
    1,
    1,
    0.5,
    1,
    1,
    1,
    1,
    1,
    1,
    1,
    0
  ],
  "Svartie": [
    1,
    1,
    1,
    1,
    1,
    1,
    1,
    1,
    1,
    1,
    1
  ],
  "Swiftmeld": [
    1,
    1,
    1,
    1,
    1,
    1,
    1,
    1,
    1
  ],
  "Swigen": [
    1,
    1,
    0.5,
    0.5,
    0,
    0,
    0,
    0,
    0,
    0,
    0
  ],
  "Thdrag": [
    1,
    1,
    1,
    1,
    1,
    1,
    1
  ],
  "Thenuker": [
    0.5,
    0.5,
    0.5,
    0.5,
    0,
    0,
    1,
    1,
    1,
    1,
    1
  ],
  "Thirena": [
    1,
    0.766666666666667,
    1,
    1,
    1,
    1,
    1,
    1,
    1,
    1,
    1
  ],
  "Toestabber": [
    1,
    1,
    1,
    1,
    0.705882352941177,
    1,
    1,
    1,
    1,
    1,
    1
  ],
  "Trollsmet": [
    0.5,
    1,
    1,
    1,
    1,
    1,
    1,
    1,
    1,
    0,
    1
  ],
  "Vepaz": [
    1,
    0.5,
    1,
    1,
    1,
    1,
    1,
    0,
    1,
    1,
    0
  ],
  "Waiteyak": [
    0.5,
    0.5,
    0.5,
    1,
    0,
    1,
    0,
    1,
    0,
    0,
    0
  ],
  "Wulfrun": [
    1,
    1,
    0.5,
    0.75,
    1,
    1,
    1,
    1,
    1,
    1,
    0
  ],
  "Wyldfyre": [
    1,
    1,
    1,
    1,
    1,
    1,
    1,
    1,
    0,
    1,
    0
  ],
  "Xuana": [
    1,
    1,
    1,
    0.5,
    0,
    1,
    1,
    0,
    1,
    0,
    0
  ],
  "Xéna": [
    0.5,
    0.5,
    1,
    0.5,
    1,
    1,
    1,
    1,
    1,
    0,
    1
  ],
  "Yungbanz": [
    1,
    1,
    1,
    0.875,
    1,
    0,
    1,
    1,
    0,
    1,
    0
  ],
  "Zadik": [
    1,
    1,
    0.5,
    0.5,
    0,
    0,
    0,
    0,
    0,
    0,
    0
  ],
  "Ñuup": [
    1,
    1,
    1,
    1,
    1,
    0,
    0,
    0,
    1,
    0,
    0
  ],
  "Ósýnileg": [
    1,
    1,
    1,
    0.5,
    1,
    0
  ]
}