{
    "Deaurion": [
        1,
        1,
        1,
        1,
        1,
        1
    ],
    "Suncho": [
        1,
        1,
        0.5,
        1,
        1,
        1
    ],
    "Xuana": [
        1,
        1,
        0.944444444444445,
        0.5,
        0,
        1
    ],
    "Grillspett": [
        1,
        1,
        1,
        1,
        0.970588235294118,
        0
    ],
    "Jalka": [
        1,
        1,
        0.944444444444445,
        1,
        0.970588235294118,
        1
    ],
    "Thirena": [
        1,
        0.766666666666667,
        0.944444444444445,
        1,
        0.941176470588235,
        1
    ],
    "Cosy": [
        1,
        1,
        0.944444444444445,
        1,
        0.941176470588235,
        1
    ],
    "Anusaukko": [
        0.5,
        0.5,
        1,
        1,
        0.941176470588235,
        1
    ],
    "Athener": [
        0.678571428571429,
        0.5,
        0.5,
        0.5,
        0,
        0
    ],
    "Ósýnileg": [
        1,
        1,
        0.944444444444445,
        0.5,
        0.941176470588235,
        0
    ],
    "Eltihrellir": [
        0.5,
        0.5,
        0.5,
        0.5,
        0,
        0
    ],
    "Ditro": [
        1,
        1,
        0.944444444444445,
        1,
        0.970588235294118,
        1
    ],
    "Xéna": [
        0.5,
        0.5,
        1,
        0.5,
        0.941176470588235,
        1
    ],
    "Kongs": [
        0.5,
        1,
        0.944444444444445,
        1,
        0.941176470588235,
        0
    ],
    "Zadik": [
        1,
        1,
        0.5,
        0.5,
        0,
        0
    ],
    "Heregud": [
        0.5,
        1,
        0.5,
        0.5,
        0,
        0
    ],
    "Acaldra": [
        0.928571428571429,
        1,
        0.944444444444445,
        0.5,
        0.970588235294118,
        0
    ],
    "Snakepala": [
        1,
        1,
        0.5,
        1,
        0.970588235294118,
        1
    ],
    "Qbx": [
        1,
        1,
        0.944444444444445,
        1,
        0,
        1
    ],
    "Svartie": [
        1,
        1,
        0.944444444444445,
        1,
        0.941176470588235,
        1
    ],
    "Yungbanz": [
        1,
        0.933333333333334,
        1,
        0.875,
        0.941176470588235,
        0
    ],
    "Luchyman": [
        0.5,
        0.5,
        0.5,
        0.5,
        0,
        0
    ],
    "Jerj": [
        1,
        1,
        0.5,
        0.5,
        0,
        0
    ],
    "Toestabber": [
        1,
        1,
        1,
        1,
        0.705882352941177,
        1
    ],
    "Sovietgirl": [
        0.928571428571429,
        0.933333333333334,
        1,
        1,
        0.852941176470588,
        1
    ],
    "Thenuker": [
        0.5,
        0.5,
        0.5,
        0.5,
        0,
        0
    ],
    "Seppo": [
        0.5,
        0.5,
        0.5,
        0.5,
        0,
        0
    ],
    "Cenabettin": [
        0.5,
        0.5,
        0.5,
        0.5,
        0,
        0
    ],
    "Muggsy": [
        1,
        0.5,
        0.5,
        0.5,
        0,
        0
    ],
    "Comalight": [
        0.5,
        1,
        0.5,
        0.5,
        0,
        0
    ],
    "Psychokiller": [
        0.5,
        0.5,
        1,
        0.5,
        0,
        0
    ],
    "Rövbrytaren": [
        1,
        1,
        1,
        1,
        0.941176470588235,
        1
    ],
    "Binding": [
        0.5,
        0.5,
        1,
        0.5,
        0.941176470588235,
        0
    ],
    "Wyldfyre": [
        1,
        1,
        0.944444444444445,
        1,
        1,
        1
    ],
    "Garlick": [
        1,
        1,
        0.944444444444445,
        0.75,
        0.970588235294118,
        0.4
    ],
    "Hubbé": [
        1,
        1,
        1,
        1,
        1,
        1
    ],
    "Wulfrun": [
        0.928571428571429,
        1,
        0.5,
        0.75,
        0.941176470588235,
        1
    ],
    "Letsaoe": [
        0.5,
        0.5,
        0.5,
        0.5,
        0,
        0
    ],
    "Piclasa": [
        1,
        1,
        0.944444444444445,
        1,
        0.970588235294118,
        1
    ],
    "Macsonkor": [
        0.892857142857143,
        1,
        0.944444444444445,
        1,
        0.941176470588235,
        1
    ],
    "Waiteyak": [
        0.5,
        0.5,
        0.5,
        1,
        0,
        1
    ],
    "Trollsmet": [
        0.5,
        1,
        0.944444444444445,
        1,
        0.941176470588235,
        1
    ],
    "Swigen": [
        1,
        1,
        0.5,
        0.5,
        0,
        0
    ],
    "Reneko": [
        1,
        1,
        0.944444444444445,
        1,
        0.941176470588235,
        1
    ],
    "Greensoup": [
        1,
        1,
        0.5,
        0.5,
        0.970588235294118,
        0
    ],
    "Nympth": [
        1,
        1,
        1,
        1,
        0,
        1
    ],
    "Igotwater": [
        1,
        0.5,
        0.5,
        0.5,
        0,
        0
    ],
    "Firmand": [
        0.5,
        1,
        0.944444444444445,
        0.75,
        0.823529411764706,
        1
    ],
    "Gurkybabe": [
        0.5,
        0.5,
        0.5,
        0.5,
        0,
        0
    ],
    "Ñuup": [
        1,
        1,
        0.944444444444445,
        1,
        0.970588235294118,
        0
    ],
    "Meche": [
        1,
        1,
        0.944444444444445,
        1,
        0.970588235294118,
        1
    ],
    "Glamor": [
        0.5,
        1,
        0.944444444444445,
        1,
        0.941176470588235,
        1
    ],
    "Vepaz": [
        1,
        0.533333333333333,
        0.944444444444445,
        1,
        0.941176470588235,
        1
    ],
    "Cuysi": [
        0.5,
        0.5,
        0.5,
        0.5,
        0,
        0
    ],
    "Poele": [
        1,
        1,
        0.5,
        0.5,
        0,
        0
    ],
    "Klesket": [
        1,
        0.933333333333334,
        1,
        1,
        0.941176470588235,
        1
    ]
}